<?xml version="1.0" encoding="UTF-8"?>
<jcr:root xmlns:sling="http://sling.apache.org/jcr/sling/1.0" xmlns:granite="http://www.adobe.com/jcr/granite/1.0" xmlns:cq="http://www.day.com/jcr/cq/1.0" xmlns:jcr="http://www.jcp.org/jcr/1.0" xmlns:nt="http://www.jcp.org/jcr/nt/1.0"
          jcr:primaryType="cq:Page"
          jcr:mixinTypes="[granite:InternalArea]">
    <jcr:content
            jcr:primaryType="nt:unstructured"
            jcr:title="GraphiQL Explorer"
            jcr:mixinTypes="[sling:VanityPath]"
            sling:resourceType="cq/graphql/sites/graphiql/components/content"
            sling:vanityOrder="{Long}301"
            sling:vanityPath="/aem/graphiql">
        <explorer
                jcr:primaryType="nt:unstructured"
                jcr:title="GraphiQL Explorer"
                sling:resourceType="granite/ui/components/shell/page"
                consoleId="graphiql">
            <head jcr:primaryType="nt:unstructured">
                <clientlibs
                        jcr:primaryType="nt:unstructured"
                        sling:resourceType="granite/ui/components/coral/foundation/includeclientlibs"
                        categories="[graphiql.clientlibs.main,graphiql.clientlibs.customization]"/>
            </head>
            <title
                    jcr:primaryType="nt:unstructured"
                    jcr:title="GraphiQL Explorer"
                    sling:resourceType="granite/ui/components/shell/title"/>
            <content
                    granite:class="aem-graphiql__container"
                    jcr:primaryType="nt:unstructured"
                    sling:resourceType="granite/ui/components/coral/foundation/container"
                    margin="{Boolean}false">
                <items jcr:primaryType="nt:unstructured">
                    <graphiql
                            jcr:primaryType="nt:unstructured"
                            sling:resourceType="cq/graphql/sites/graphiql/components/content/explorer"/>
                    <graphiqlconfig
                            jcr:primaryType="nt:unstructured"
                            sling:resourceType="cq/graphql/sites/graphiql/components/explorer/config"/>
                </items>
            </content>
            <actions jcr:primaryType="nt:unstructured">
                <primary jcr:primaryType="nt:unstructured">
                    <home
                            granite:rel="graphiql-home"
                            jcr:primaryType="nt:unstructured"
                            sling:resourceType="granite/ui/components/coral/foundation/anchorbutton"
                            href="${&quot;/&quot;}"
                            icon="home"
                            variant="actionBar"/>
                </primary>
                <secondary jcr:primaryType="nt:unstructured">
                    <endpoint
                            granite:rel="endpoint-select"
                            jcr:primaryType="nt:unstructured"
                            sling:resourceType="granite/ui/components/coral/foundation/form/select"
                            fieldLabel="Endpoint"
                            name="./endpoint"
                            variant="quiet">
                        <datasource
                                jcr:primaryType="nt:unstructured"
                                sling:resourceType="cq/graphql/sites/graphiql/components/datasource/endpoints"/>
                    </endpoint>
                </secondary>
            </actions>
        </explorer>
    </jcr:content>
</jcr:root>
